field_1,Id,Cultivo,Longitud,Latitud,Elevacion,Dataset,Campania,GlobalId
"333","114",S,-61.872508326997703,-33.652233644467103,110.439976500000000,BCR,19/20,"1096"
"334","116",T,-61.874000857153803,-33.663806589102798,111.159976499999999,BCR,19/20,"1098"
"335","117",S,-61.886590049191398,-33.656844177217003,109.959976499999996,BCR,19/20,"1099"
"336","118",M,-61.891263759315002,-33.661818889530103,109.959976499999996,BCR,19/20,"1100"
"337","119",S,-61.886181109470598,-33.667087996713597,109.479976500000006,BCR,19/20,"1101"
"338","121",s,-61.896749462817397,-33.672717529690203,107.309976500000005,BCR,19/20,"1103"
"339","122",M,-61.908568912525297,-33.671513323980697,107.789976499999995,BCR,19/20,"1104"
"340","123",s,-61.907586013783501,-33.677504408701502,107.309976500000005,BCR,19/20,"1105"
"341","124",N,-61.924319568693100,-33.677734052384501,106.349976499999997,BCR,19/20,"1106"
"342","125",N,-61.922547993295197,-33.689590156660401,107.309976500000005,BCR,19/20,"1107"
"343","127",M,-61.940225286867502,-33.689207235225702,111.639976500000003,BCR,19/20,"1109"
"344","129",M,-61.964095950567597,-33.702493534049303,113.319976499999996,BCR,19/20,"1111"
"345","131",s,-61.994082365708600,-33.718097818359603,107.789976499999995,BCR,19/20,"1113"
"346","132",s,-62.015156819531597,-33.737064600350998,111.639976500000003,BCR,19/20,"1114"
"347","133",M,-62.017827170187701,-33.738009896639397,112.359976500000002,BCR,19/20,"1115"
"348","134",S,-62.027066233819603,-33.735472752665402,110.199976500000005,BCR,19/20,"1116"
"349","135",S,-62.029900348322400,-33.746492339949498,111.399976499999994,BCR,19/20,"1117"
"350","137",S,-62.040371853678003,-33.751534400692002,111.639976500000003,BCR,19/20,"1119"
"351","138",s,-62.044965712997197,-33.752938836857801,112.839976500000006,BCR,19/20,"1120"
"352","140",S,-62.055077524608002,-33.758605795121298,114.279976500000004,BCR,19/20,"1122"
"353","141",S,-62.060718678624099,-33.754182427476998,114.279976500000004,BCR,19/20,"1123"
"354","142",s,-62.060267527424401,-33.759705932183003,113.319976499999996,BCR,19/20,"1124"
"355","144",N,-62.097658681502899,-33.775093029319798,107.789976499999995,BCR,19/20,"1126"
"356","146",N,-62.108940359110299,-33.785675415687798,104.909976499999999,BCR,19/20,"1128"
"357","147",N,-62.114453876844898,-33.792968628799102,107.789976499999995,BCR,19/20,"1129"
"358","148",s,-62.125572620679897,-33.783264940324699,108.989976499999997,BCR,19/20,"1130"
"359","149",s,-62.126223321548999,-33.792650599745301,110.679976499999995,BCR,19/20,"1131"
"360","151",M,-62.146739701076299,-33.793927510246398,114.039976499999995,BCR,19/20,"1133"
"361","153",M,-62.146437471312197,-33.806706586040100,110.439976500000000,BCR,19/20,"1135"
"362","154",N,-62.154554341109900,-33.802400431534601,110.679976499999995,BCR,19/20,"1136"
"363","155",N,-62.163128601603702,-33.808205081399400,110.439976500000000,BCR,19/20,"1137"
"364","157",N,-62.177610130003501,-33.814368234306500,110.679976499999995,BCR,19/20,"1139"
"365","160",N,-62.202339154328499,-33.825082647446202,113.319976499999996,BCR,19/20,"1142"
"366","161",s,-62.204177908183901,-33.835665083276901,117.169976500000004,BCR,19/20,"1143"
"367","162",S,-62.211008066668903,-33.833407188690799,117.409976499999999,BCR,19/20,"1144"
"368","164",s,-62.207929301496101,-33.841512082216802,116.199976500000005,BCR,19/20,"1146"
"369","166",M,-62.208646954193597,-33.846217802809299,114.999976500000002,BCR,19/20,"1148"
"370","168",s,-62.218824588983601,-33.854760043840898,114.759976499999993,BCR,19/20,"1150"
"371","169",s,-62.212297659409401,-33.857867997410096,114.519976499999999,BCR,19/20,"1151"
"372","170",M,-62.223962396047703,-33.863678592692800,112.599976499999997,BCR,19/20,"1152"
"373","171",S,-62.220956788025298,-33.867477487296199,113.079976500000001,BCR,19/20,"1153"
"374","172",N,-62.221067853398701,-33.874895949888099,113.319976499999996,BCR,19/20,"1154"
"375","173",S,-62.229399068512201,-33.879336874996703,115.239976499999997,BCR,19/20,"1155"
"376","174",N,-62.237399570533697,-33.890685366836202,115.479976500000006,BCR,19/20,"1156"
"377","176",s,-62.226770756665097,-33.895870491729703,116.679976499999995,BCR,19/20,"1158"
"378","177",S,-62.233880676252198,-33.896951233112901,117.409976499999999,BCR,19/20,"1159"
"379","179",S,-62.231379376557001,-33.909502778630298,121.009976499999993,BCR,19/20,"1161"
"380","181",N,-62.243450329768898,-33.921647134507602,112.839976500000006,BCR,19/20,"1163"
"381","183",S,-62.253824383688297,-33.924349684490302,114.039976499999995,BCR,19/20,"1165"
"382","184",s,-62.249267096199503,-33.930459209924500,115.959976499999996,BCR,19/20,"1166"
"383","186",S,-62.265201405620402,-33.937740383811601,114.999976500000002,BCR,19/20,"1168"
"384","190",s,-62.276241876061697,-33.958931387973102,115.959976499999996,BCR,19/20,"1172"
"385","194",s,-62.263931770634699,-33.993212798831600,118.849976499999997,BCR,19/20,"1176"
"386","197",M,-62.266022311280601,-34.009228997819903,117.889976500000003,BCR,19/20,"1179"
"387","199",s,-62.277608929208697,-34.012842519666499,117.649976499999994,BCR,19/20,"1181"
"388","203",s,-62.284262373609600,-34.026626559967703,115.719976500000001,BCR,19/20,"1185"
"389","206",M,-62.294962416482299,-34.036064073398201,116.679976499999995,BCR,19/20,"1188"
"390","208",M,-62.321449463421999,-34.051558302273797,115.719976500000001,BCR,19/20,"1190"
"391","209",N,-62.320507563872901,-34.058046990875901,115.719976500000001,BCR,19/20,"1191"
"392","211",s,-62.333386210804903,-34.075086826995403,112.359976500000002,BCR,19/20,"1193"
"393","213",s,-62.341820402789303,-34.073355360461399,113.319976499999996,BCR,19/20,"1195"
"394","214",M,-62.342267065472598,-34.080822366658900,114.039976499999995,BCR,19/20,"1196"
"395","216",N,-62.349288105961300,-34.084109215168098,113.319976499999996,BCR,19/20,"1198"
"396","221",M,-62.370183606388302,-34.096153500783402,111.879976499999998,BCR,19/20,"1203"
"397","223",M,-62.380133535534199,-34.102174264030999,111.639976500000003,BCR,19/20,"1205"
"398","224",S,-62.388654723436701,-34.103160645847097,111.399976499999994,BCR,19/20,"1206"
"399","225",S,-62.385871223678002,-34.108073900290201,111.159976499999999,BCR,19/20,"1207"
"400","226",N,-62.395667576497402,-34.105196683080401,109.959976499999996,BCR,19/20,"1208"
"401","228",S,-62.402433894808397,-34.116126506333202,110.439976500000000,BCR,19/20,"1210"
"402","229",s,-62.408425201661700,-34.113652144031199,109.479976500000006,BCR,19/20,"1211"
"403","230",M,-62.408207726705200,-34.119751499032397,110.199976500000005,BCR,19/20,"1212"
"404","231",s,-62.416171738734697,-34.124636507568702,110.679976499999995,BCR,19/20,"1213"
"405","234",M,-62.436396194728601,-34.128227762201398,113.079976500000001,BCR,19/20,"1216"
"406","235",M,-62.440703539936401,-34.132548313953500,112.599976499999997,BCR,19/20,"1217"
"407","237",M,-62.437627291965903,-34.142799310040097,114.519976499999999,BCR,19/20,"1219"
"408","238",S,-62.443820570363002,-34.142475117033001,114.999976500000002,BCR,19/20,"1220"
"409","242",S,-62.464591302446600,-34.155160704702702,115.479976500000006,BCR,19/20,"1224"
"410","243",M,-62.480593061920203,-34.162442779710503,115.959976499999996,BCR,19/20,"1225"
"411","245",N,-62.497847116551199,-34.168296951643001,111.879976499999998,BCR,19/20,"1227"
"412","246",S,-62.509776783571702,-34.175588993836897,113.079976500000001,BCR,19/20,"1228"
"413","247",M,-62.519368474075797,-34.185861151870597,114.759976499999993,BCR,19/20,"1229"
"414","248",P,-62.529107076030698,-34.182537433855401,114.999976500000002,BCR,19/20,"1230"
"415","250",M,-62.543333985674899,-34.187376723556902,116.439976500000000,BCR,19/20,"1232"
"416","251",N,-62.552825652681697,-34.195870351735302,117.169976500000004,BCR,19/20,"1233"
"417","253",N,-62.570355252393000,-34.201415014791102,116.199976500000005,BCR,19/20,"1235"
"418","254",S,-62.571045022509701,-34.207539886256697,116.679976499999995,BCR,19/20,"1236"
"419","258",s,-62.611080885774200,-34.222203427546098,114.039976499999995,BCR,19/20,"1240"
"420","260",N,-62.651799344364200,-34.244248965717098,110.199976500000005,BCR,19/20,"1242"
"421","262",S,-62.666042120747299,-34.260486315191301,108.989976499999997,BCR,19/20,"1244"
"422","266",N,-62.687363967273299,-34.272933947643502,110.439976500000000,BCR,19/20,"1248"
"423","268",N,-62.694331481013002,-34.291668911391099,109.479976500000006,BCR,19/20,"1250"
"424","271",s,-62.747468392652102,-34.309101342952502,111.159976499999999,BCR,19/20,"1253"
"425","272",S,-62.751414328208597,-34.316452490390098,110.199976500000005,BCR,19/20,"1254"
"426","273",s,-62.766971510526702,-34.304775965438402,112.119976500000007,BCR,19/20,"1255"
"427","274",M,-62.768843973670400,-34.314384388728499,112.839976500000006,BCR,19/20,"1256"
"428","277",N,-62.788142867199497,-34.310000530999702,112.839976500000006,BCR,19/20,"1259"
"429","278",S,-62.791960070201000,-34.316600801185999,117.649976499999994,BCR,19/20,"1260"
"430","279",s,-62.802155768773702,-34.312317826706298,121.009976499999993,BCR,19/20,"1261"
"431","280",S,-62.797420910146897,-34.320215903141403,122.209976499999996,BCR,19/20,"1262"
"432","284",S,-62.825809578049501,-34.333201590980600,126.299976500000000,BCR,19/20,"1266"
"433","285",s,-62.830222732093397,-34.339777633430998,126.779976500000004,BCR,19/20,"1267"
"434","286",N,-62.830238948668502,-34.348783072081098,126.779976500000004,BCR,19/20,"1268"
"435","287",N,-62.835791943943001,-34.354949481433401,124.139976500000003,BCR,19/20,"1269"
"436","288",N,-62.861687883588900,-34.375326786202201,120.289976499999995,BCR,19/20,"1270"
"437","289",s,-62.113383994775504,-34.375040000495602,114.279976500000004,BCR,19/20,"1271"
"438","290",s,-62.113147422715400,-34.371424853574098,114.279976500000004,BCR,19/20,"1272"
"439","292",M,-62.118064147642301,-34.366161427407903,113.799976500000000,BCR,19/20,"1274"
"440","293",M,-62.104458140730600,-34.362962718754403,112.599976499999997,BCR,19/20,"1275"
"441","294",s,-62.103341140481199,-34.354275992642897,111.639976500000003,BCR,19/20,"1276"
"442","296",N,-62.082210432265597,-34.345047425897903,108.989976499999997,BCR,19/20,"1278"
"443","297",M,-62.064689564072097,-34.342991287018300,109.229976500000006,BCR,19/20,"1279"
"444","298",M,-62.067502146107103,-34.337183424775198,110.439976500000000,BCR,19/20,"1280"
"445","299",S,-62.061000145740103,-34.333809995834599,108.989976499999997,BCR,19/20,"1281"
"446","300",S,-62.055471711849997,-34.333535428317298,107.069976499999996,BCR,19/20,"1282"
"447","302",S,-62.057747718782103,-34.321976995142201,110.679976499999995,BCR,19/20,"1284"
"448","303",M,-62.051101710875201,-34.318212998730900,114.279976500000004,BCR,19/20,"1285"
"449","305",M,-62.041567710081701,-34.309881137904100,113.319976499999996,BCR,19/20,"1287"
"450","307",s,-62.041085287655903,-34.306413713622000,112.119976500000007,BCR,19/20,"1289"
"451","309",S,-62.034683849479997,-34.293539716184902,121.729976500000006,BCR,19/20,"1291"
"452","310",M,-62.040502717626303,-34.285798854733301,120.769976499999999,BCR,19/20,"1292"
"453","311",s,-62.031054707308797,-34.277159140681803,115.479976500000006,BCR,19/20,"1293"
"454","312",M,-62.036809002333499,-34.274776282599298,114.999976500000002,BCR,19/20,"1294"
"455","313",N,-62.030811424507597,-34.269762713278602,113.319976499999996,BCR,19/20,"1295"
"456","317",M,-62.030198147126697,-34.237564857132398,108.269976499999999,BCR,19/20,"1299"
"457","319",M,-62.029450576682699,-34.225328713749100,105.629976499999998,BCR,19/20,"1301"
"458","320",M,-62.027716860944302,-34.218003855293702,104.669976500000004,BCR,19/20,"1302"
"459","323",S,-62.027178149052297,-34.200001285031199,105.149976499999994,BCR,19/20,"1305"
"460","324",S,-62.020131567817600,-34.196428855007603,108.029976500000004,BCR,19/20,"1306"
"461","325",S,-62.014969561795802,-34.186840853522497,110.439976500000000,BCR,19/20,"1307"
"462","326",M,-62.015353278231103,-34.179742855348501,112.359976500000002,BCR,19/20,"1308"
"463","330",M,-62.013294287601198,-34.141475568242797,103.469976500000001,BCR,19/20,"1312"
"464","332",S,-62.005833138688402,-34.129058856281198,101.059976500000005,BCR,19/20,"1314"
"465","333",N,-62.011689862896802,-34.126419141929802,100.819976499999996,BCR,19/20,"1315"
"466","335",S,-62.002931138860902,-34.105889000976603,101.299976500000000,BCR,19/20,"1317"
"467","337",P,-61.996836432455297,-34.098581570482999,107.549976500000000,BCR,19/20,"1319"
"468","339",s,-61.989205001409601,-34.089699994559098,100.579976500000001,BCR,19/20,"1321"
"469","340",S,-61.986973431778402,-34.086145137288199,99.379976499999998,BCR,19/20,"1322"
"470","341",M,-61.977404280083398,-34.087375001555003,99.619976500000007,BCR,19/20,"1323"
"471","342",s,-61.983540433544100,-34.084071426555099,98.899976499999994,BCR,19/20,"1324"
"472","343",M,-61.974453566678697,-34.084783431510097,97.459976499999897,BCR,19/20,"1325"
"473","344",s,-61.974306429498100,-34.076549853992503,99.619976500000007,BCR,19/20,"1326"
"474","345",N,-61.966356429805302,-34.068591853930897,97.699976499999906,BCR,19/20,"1327"
"475","347",S,-61.952837144518597,-34.054372853824098,98.419976500000004,BCR,19/20,"1329"
"476","349",s,-61.944474715735502,-34.045296708676098,99.619976500000007,BCR,19/20,"1331"
"477","351",S,-61.935394570402998,-34.038201709741102,99.139976500000003,BCR,19/20,"1333"
"478","352",M,-61.927646421745003,-34.037686000708298,100.579976500000001,BCR,19/20,"1334"
"479","358",s,-61.921677738237001,-34.004035621646501,107.069976499999996,BCR,19/20,"1340"
"480","359",s,-61.912590118639002,-33.999222006690196,101.779976500000004,BCR,19/20,"1341"
"481","361",s,-61.891984497586499,-33.993247237470001,105.149976499999994,BCR,19/20,"1343"
"482","362",S,-61.896309446124000,-33.989160701005503,104.669976500000004,BCR,19/20,"1344"
"483","363",S,-61.894209331295500,-33.986906849771202,106.109976500000002,BCR,19/20,"1345"
"484","366",M,-61.888293054880499,-33.974187416116301,104.909976499999999,BCR,19/20,"1348"
"485","367",s,-61.878178717074100,-33.969925823917599,107.309976500000005,BCR,19/20,"1349"
"486","368",s,-61.877028910455799,-33.955236319200701,104.429976499999995,BCR,19/20,"1350"
"487","369",N,-61.870617171445303,-33.946802698285900,100.339976500000006,BCR,19/20,"1351"
"488","372",S,-61.847748580032899,-33.929519822182002,99.859976500000002,BCR,19/20,"1354"
"489","373",S,-61.850276388144799,-33.922335775975199,99.859976500000002,BCR,19/20,"1355"
"490","374",S,-61.847435568296802,-33.917992000130702,96.259976499999894,BCR,19/20,"1356"
"491","377",S,-61.832129092683402,-33.909003191743899,93.609976500000002,BCR,19/20,"1359"
"492","378",M,-61.833007672765902,-33.898612168516699,97.219976499999902,BCR,19/20,"1360"
,"379",s,-61.829746773294900,-33.894354964110299,99.859976500000002,BCR,19/20,"1361"
"494","383",M,-61.817398090549403,-33.880656191230202,96.739976499999898,BCR,19/20,"1365"
"495","385",s,-61.803381430708399,-33.872396136772203,93.849976499999997,BCR,19/20,"1367"
"496","390",M,-61.777153325565500,-33.829411616852603,101.059976500000005,BCR,19/20,"1372"
"497","391",N,-61.762239972396699,-33.831773968593701,99.379976499999998,BCR,19/20,"1373"
"498","392",S,-61.767217216301397,-33.827115860808298,104.909976499999999,BCR,19/20,"1374"
"499","393",S,-61.756170467692897,-33.823002341984498,101.779976500000004,BCR,19/20,"1375"
"500","394",T,-61.753666239805099,-33.812474307043601,103.469976500000001,BCR,19/20,"1376"
"501","395",M,-61.750819025777403,-33.807832385256297,103.709976499999996,BCR,19/20,"1377"
"502","397",s,-61.736281139562898,-33.798628648793098,104.669976500000004,BCR,19/20,"1379"
"503","399",s,-61.731053653902997,-33.786812742414099,103.469976500000001,BCR,19/20,"1381"
"504","400",s,-61.722005914741104,-33.789540611909700,102.989976499999997,BCR,19/20,"1382"
"505","401",S,-61.725262197092697,-33.784325220332597,103.229976500000006,BCR,19/20,"1383"
"506","402",S,-61.717990014627397,-33.786625977506802,103.469976500000001,BCR,19/20,"1384"
"507","403",S,-61.718451455870003,-33.778929737717199,102.509976499999993,BCR,19/20,"1385"
"508","404",M,-61.714686120368100,-33.775035300039001,101.299976500000000,BCR,19/20,"1386"
"509","405",M,-61.705667392436197,-33.774268717027603,100.339976500000006,BCR,19/20,"1387"
"510","407",S,-61.697011963631198,-33.777497147375399,100.339976500000006,BCR,19/20,"1389"
"511","408",S,-61.693909609240997,-33.775148284565702,100.819976499999996,BCR,19/20,"1390"
"512","409",s,-61.699323454214003,-33.769624227675898,100.579976500000001,BCR,19/20,"1391"
"513","411",S,-61.685972548993902,-33.770380281424799,100.819976499999996,BCR,19/20,"1393"
"514","412",M,-61.682285352886701,-33.767719138927099,101.299976500000000,BCR,19/20,"1394"
"515","413",M,-61.682898639260799,-33.761131902615098,101.059976500000005,BCR,19/20,"1395"
"516","415",S,-61.675604146414202,-33.756411822547499,101.539976499999995,BCR,19/20,"1397"
"517","416",M,-61.672790217194802,-33.753794509408998,101.299976500000000,BCR,19/20,"1398"
"518","417",S,-61.668424532965801,-33.759251795234100,101.299976500000000,BCR,19/20,"1399"
"519","419",s,-61.667728422628599,-33.751844472544299,100.339976500000006,BCR,19/20,"1401"
"520","420",S,-61.658224150723903,-33.755285116814697,97.699976499999906,BCR,19/20,"1402"
"521","421",s,-61.662287054803699,-33.750322631684099,97.459976499999897,BCR,19/20,"1403"
"522","422",S,-61.657694515689300,-33.747283309876799,95.779976500000103,BCR,19/20,"1404"
"523","423",M,-61.649047006314298,-33.749660803503197,95.059976500000104,BCR,19/20,"1405"
"524","424",S,-61.652071133176200,-33.742960061057900,94.569976500000095,BCR,19/20,"1406"
"525","426",M,-61.644490970681701,-33.739191969133998,95.779976500000103,BCR,19/20,"1408"
"526","427",S,-61.636620627539898,-33.741860141632202,95.539976500000094,BCR,19/20,"1409"
"527","428",N,-61.637134013623800,-33.735038839670700,93.609976500000002,BCR,19/20,"1410"
"528","429",S,-61.629655174146897,-33.733015561119203,91.929976499999995,BCR,19/20,"1411"
"529","430",s,-61.628308264914402,-33.725065967020697,94.569976500000095,BCR,19/20,"1412"
"530","432",s,-61.624021774984897,-33.717831825878001,95.779976500000103,BCR,19/20,"1414"
"531","434",M,-61.617362459809598,-33.715633599511001,96.979976499999907,BCR,19/20,"1416"
"532","435",s,-61.617973380067397,-33.711107601234701,97.219976499999902,BCR,19/20,"1417"
"533","436",U,-61.617409563600503,-33.702580275459297,96.019976500000098,BCR,19/20,"1418"
"534","437",S,-61.605178309831103,-33.708683268218202,95.299976500000099,BCR,19/20,"1419"
"535","439",s,-61.597478449370897,-33.703860347976601,96.259976499999894,BCR,19/20,"1421"
"536","441",S,-61.588987030826800,-33.700814109483503,97.219976499999902,BCR,19/20,"1423"
"537","442",s,-61.589469354327200,-33.694796294213603,96.979976499999907,BCR,19/20,"1424"
"538","445",M,-61.583797002829400,-33.691957156097800,98.899976499999994,BCR,19/20,"1427"
"539","447",S,-61.578382404224598,-33.689937045858002,100.579976500000001,BCR,19/20,"1429"
"540","448",S,-61.571850804470998,-33.690221426777399,100.819976499999996,BCR,19/20,"1430"
"541","451",s,-61.556030175651998,-33.686812991726100,102.269976499999999,BCR,19/20,"1433"
"542","455",N,-61.513259897626099,-33.676912331039198,96.739976499999898,BCR,19/20,"1437"
"543","457",N,-61.503900203431598,-33.671510454244000,86.159976499999999,BCR,19/20,"1439"
"544","458",N,-61.490771974846702,-33.664803555040002,83.519976500000098,BCR,19/20,"1440"
"545","459",U,-61.458167973173403,-33.660604695050601,83.759976499999894,BCR,19/20,"1441"
"546","460",U,-62.038738489689500,-34.323336617191103,-0.000023500000000,BCR,19/20,"1442"
"547","462",U,-61.906794944031397,-34.010756807480597,-0.000023500000000,BCR,19/20,"1444"
"548","464",U,-61.531027966067697,-34.188456449605397,-0.000023500000000,BCR,19/20,"1446"
"549","465",U,-61.336463073212201,-33.801310919063603,-0.000023500000000,BCR,19/20,"1447"
"550","466",U,-61.210179864109399,-33.791834032414599,-0.000023500000000,BCR,19/20,"1448"
"551","467",U,-61.607786232248799,-33.599139337310497,-0.000023500000000,BCR,19/20,"1449"
"552","469",N,-62.245215295149698,-34.322219084543100,-0.000023500000000,BCR,19/20,"1451"
"553","470",N,-61.480817394407197,-33.947747868669197,-0.000023500000000,BCR,19/20,"1452"
"554","471",N,-61.470678891817400,-33.706389846813899,-0.000023500000000,BCR,19/20,"1453"
"555","473",N,-61.780876345267103,-33.527419190143497,-0.000023500000000,BCR,19/20,"1455"
"111","174",N,-62.161977100235205,-33.808015553531696,100.911430000000010,BC,19/20,"724"
"112","179",S,-62.201043448241208,-33.863028672806301,108.973151999999999,BC,19/20,"729"
"113","180",S,-62.201923425256098,-33.865182312160101,108.973151999999999,BC,19/20,"730"
"114","184",M,-62.191988947903099,-33.822070348139896,101.275330000000011,BC,19/20,"734"
"115","185",M,-62.195624642412298,-33.826783622454101,102.096428000000003,BC,19/20,"735"
"116","187",M,-62.199677168138997,-33.828514964096698,103.328079000000002,BC,19/20,"737"
"117","188",P,-62.202826559560997,-33.827341503033999,103.328079000000002,BC,19/20,"738"
"118","190",S,-62.210653723536097,-33.832708512982201,105.614105000000009,BC,19/20,"740"
"119","192",P,-62.057890871604499,-33.832520961864503,105.698081999999999,BC,19/20,"742"
"120","193",N,-62.055575142617798,-33.825210956742801,103.981231999999977,BC,19/20,"743"
"121","194",P,-62.052425751195791,-33.827865715089196,103.981231999999977,BC,19/20,"744"
"122","196",P,-62.047747978642597,-33.826942330230899,105.511466999999996,BC,19/20,"746"
"123","197",M,-62.044783845539598,-33.821825058385201,104.233161999999993,BC,19/20,"747"
"124","199",X,-62.077296680513200,-33.849446994854397,105.595444000000001,BC,19/20,"749"
"125","201",X,-62.074888322367002,-33.846023590485501,106.845757000000006,BC,19/20,"751"
"126","202",s,-62.070627381031507,-33.848023798462599,106.845757000000006,BC,19/20,"752"
"127","204",s,-62.066968529232398,-33.843100125361502,108.273345999999989,BC,19/20,"754"
"128","205",X,-62.066598012594604,-33.837291364971399,107.377601999999996,BC,19/20,"755"
"129","206",S,-62.063078104534704,-33.839714935519602,107.377601999999996,BC,19/20,"756"
"130","208",m,-62.000784994791893,-33.803585072903296,101.480606000000023,BC,19/20,"758"
"131","209",U,-61.994069380730402,-33.795387357359900,100.958083999999999,BC,19/20,"759"
"132","210",S,-61.991336820526101,-33.798350941388499,100.958083999999999,BC,19/20,"760"
"133","211",X,-61.989206349858293,-33.793347428216300,101.872497999999993,BC,19/20,"761"
"134","212",P,-61.986427475074208,-33.795156424425201,101.872497999999993,BC,19/20,"762"
"135","214",P,-61.981101298404802,-33.792693101024696,101.023398999999998,BC,19/20,"764"
"136","215",S,-62.040245016725706,-33.820093581282102,102.245719999999977,BC,19/20,"765"
"137","217",S,-62.035567244172498,-33.817284666087602,102.712256999999994,BC,19/20,"767"
"138","219",S,-62.031815763213999,-33.815283738729597,103.365402000000003,BC,19/20,"769"
"139","220",S,-62.030241067503006,-33.818285112213502,103.365402000000003,BC,19/20,"770"
"140","221",S,-62.029546348807003,-33.814321737761503,102.684264999999996,BC,19/20,"771"
"141","222",S,-62.026119069906699,-33.816091811181899,102.684264999999996,BC,19/20,"772"
"142","223",X,-62.120670284434503,-33.901742622223303,104.139854000000000,BC,19/20,"773"
"143","225",S,-62.120832385463601,-33.905740380477198,103.402725000000004,BC,19/20,"775"
"144","227",X,-62.116270399359706,-33.913504721388804,107.097678999999999,BC,19/20,"777"
"145","228",S,-62.120137666767597,-33.915119000480601,107.097678999999999,BC,19/20,"778"
"146","230",S,-62.115714624402898,-33.921268354974799,105.418159000000003,BC,19/20,"780"
"147","231",P,-62.129284796265104,-33.893631209797803,101.583243999999993,BC,19/20,"781"
"148","233",S,-62.127594314104797,-33.894995980093306,102.068436000000005,BC,19/20,"783"
"149","234",S,-62.130048986830701,-33.895726411560503,102.068436000000005,BC,19/20,"784"
"150","236",S,-62.128867965047505,-33.897936889726601,101.368637000000007,BC,19/20,"786"
"151","237",N,-62.122986013421205,-33.896533723271801,103.281424999999999,BC,19/20,"787"
"152","238",M,-62.121596576029205,-33.897936889726601,103.281424999999999,BC,19/20,"788"
"153","243",X,-62.083132317559794,-33.861985484215396,106.929733000000013,BC,19/20,"793"
"154","244",M,-62.085872999999999,-33.862328000000005,106.929733000000013,BC,19/20,"794"
"155","245",X,-62.081928138486703,-33.852677947296499,105.912682000000004,BC,19/20,"795"
"156","246",S,-62.078130342948398,-33.856562621161196,105.912682000000004,BC,19/20,"796"
"157","249",B,-62.100384498510799,-33.931951802897501,107.368270999999993,BC,19/20,"799"
"158","250",S,-62.104552810686904,-33.934276620318606,107.368270999999993,BC,19/20,"800"
"159","256",m,-61.976006694634002,-33.790691598570497,101.480606000000023,BC,19/20,"806"
"160","257",M,-61.972996246951197,-33.783301030338002,102.376350000000002,BC,19/20,"807"
"161","258",B,-61.970171057587393,-33.786765438619298,102.376350000000002,BC,19/20,"808"
"162","259",S,-62.282099752098894,-33.655829041264894,112.789406000000000,BC,19/20,"809"
"163","260",M,-62.283767076969298,-33.660609282697102,112.789406000000000,BC,19/20,"810"
"164","262",M,-62.146690394261803,-33.683952512464899,113.741135000000014,BC,19/20,"812"
"165","264",S,-62.134671760820702,-33.686052851480305,112.220230000000001,BC,19/20,"814"
"166","265",S,-62.093961245234098,-33.689925819125598,106.780440999999996,BC,19/20,"815"
"167","267",S,-62.304145492052498,-33.645997871530000,113.451881000000000,BC,19/20,"817"
"168","268",B,-62.305699925135400,-33.648364201757701,113.451881000000000,BC,19/20,"818"
"169","269",M,-62.301459246427896,-33.648581071946204,114.898139999999984,BC,19/20,"819"
"170","270",B,-62.302570796341499,-33.651819601755903,114.898139999999984,BC,19/20,"820"
"171","271",S,-62.298541427904603,-33.650123244195200,114.590225000000004,BC,19/20,"821"
"172","272",P,-62.300301381934503,-33.653862897153800,114.590225000000004,BC,19/20,"822"
"173","275",X,-61.893890582931995,-33.605785922786197,106.052642999999989,BC,19/20,"825"
"174","276",S,-61.887591800088202,-33.601851304514696,106.052642999999989,BC,19/20,"826"
"175","278",s,-61.784194500831795,-33.832435902487894,103.701308999999995,BC,19/20,"828"
"176","280",S,-61.770994845607603,-33.834955788197497,100.799460999999994,BC,19/20,"830"
"177","281",S,-61.750801688843495,-33.834244072280505,100.053009000000003,BC,19/20,"831"
"178","282",S,-61.752561642873403,-33.838033410426398,100.053009000000003,BC,19/20,"832"
"179","285",S,-61.668871197293797,-33.850015846070200,103.533356000000012,BC,19/20,"835"
"180","286",s,-61.671580600208301,-33.852650602508305,103.533356000000012,BC,19/20,"836"
"181","287",M,-61.661368235376905,-33.851227459488605,102.908203000000000,BC,19/20,"837"
"182","288",M,-61.662966088377701,-33.855189123079001,102.908203000000000,BC,19/20,"838"
"183","289",s,-61.518811958955297,-33.833359228012000,102.255050999999995,BC,19/20,"839"
"184","290",X,-61.517190948664599,-33.836975490284900,102.255050999999995,BC,19/20,"840"
"185","291",P,-61.693302138103597,-33.845476950981002,106.463195999999996,BC,19/20,"841"
"186","293",S,-61.690199061261389,-33.846303971018003,106.341895999999977,BC,19/20,"843"
"187","294",S,-61.690893779957399,-33.848323404909394,106.341895999999977,BC,19/20,"844"
"188","296",S,-61.686957040680007,-33.849361952323697,107.452247999999997,BC,19/20,"846"
"189","298",X,-61.682997144112704,-33.850246630903399,106.911071999999990,BC,19/20,"848"
"190","299",M,-61.894290408015003,-33.808559125474893,95.966164000000006,BC,19/20,"849"
"191","303",P,-61.879631843528998,-33.811926308342898,103.514693999999977,BC,19/20,"853"
"192","304",M,-61.882873864110401,-33.813273144383103,103.514693999999977,BC,19/20,"854"
"193","311",S,-61.913510958604803,-33.805461200194600,101.293991000000005,BC,19/20,"861"
"194","313",M,-61.905706951919498,-33.806557994019897,101.965805000000003,BC,19/20,"863"
"195","314",S,-61.906540614354803,-33.808924711742101,101.965805000000003,BC,19/20,"864"
"196","315",M,-61.823214534257794,-33.821547603562195,60.425559999999997,BC,19/20,"865"
"197","316",S,-61.826039723621598,-33.824875799664895,60.425559999999997,BC,19/20,"866"
"198","317",M,-61.811936934092500,-33.823529146324397,98.634743000000000,BC,19/20,"867"
"199","318",S,-61.815966302529397,-33.826549467828606,98.634743000000000,BC,19/20,"868"
"200","319",S,-61.800381446448895,-33.824529519402901,103.691978000000006,BC,19/20,"869"
"201","320",S,-61.805082376291899,-33.828800211291302,103.691978000000006,BC,19/20,"870"
"202","321",S,-61.797116268577597,-33.824856561909300,103.608001999999999,BC,19/20,"871"
"203","323",B,-61.873674268878098,-33.812639713199097,103.934578000000002,BC,19/20,"873"
"204","326",M,-61.865383959105699,-33.813794135761697,102.115088999999998,BC,19/20,"876"
"205","327",P,-61.859432535609891,-33.814967782729696,101.919150999999999,BC,19/20,"877"
"206","329",s,-61.848919126010202,-33.816757082363203,102.096428000000003,BC,19/20,"879"
"207","330",S,-61.850771709199599,-33.819585253830198,102.096428000000003,BC,19/20,"880"
"208","332",S,-61.369215866414002,-33.744019819675302,94.174674999999993,BC,19/20,"882"
"209","335",S,-61.354626773797797,-33.730770719796702,93.661484000000002,BC,19/20,"885"
"210","336",S,-61.349810057505401,-33.735007573103900,93.661484000000002,BC,19/20,"886"
"211","341",s,-61.380609253028602,-33.753416196551200,92.635109000000000,BC,19/20,"891"
"212","342",M,-61.376394626272791,-33.751336759239500,92.635109000000000,BC,19/20,"892"
"213","343",M,-61.382091319580098,-33.751529301849999,92.644440000000003,BC,19/20,"893"
"214","345",S,-61.378849298998702,-33.743711724313194,95.378333999999995,BC,19/20,"895"
"215","350",S,-61.338138783412397,-33.694633419554599,101.070053000000001,BC,19/20,"900"
"216","351",M,-61.353978369681499,-33.690124821844897,90.712990000000005,BC,19/20,"901"
"217","352",X,-61.348050103475501,-33.687350182609400,90.712990000000005,BC,19/20,"902"
"218","353",P,-61.369123237254598,-33.678852292770202,89.070785999999998,BC,19/20,"903"
"219","354",P,-61.364978082368296,-33.675865306588996,89.070785999999998,BC,19/20,"904"
"220","355",s,-61.335359908628398,-33.719253125045498,99.941040000000001,BC,19/20,"905"
"221","356",s,-61.331376854771207,-33.724415047589105,99.941040000000001,BC,19/20,"906"
"0","1",X,-61.898290468006799,-33.599498162696598,106.229927000000004,BC,19/20,"551"
"1","4",S,-61.895094762005101,-33.592631250669797,103.757293999999987,BC,19/20,"554"
"2","5",X,-61.906488148619701,-33.588541706261502,105.558121000000000,BC,19/20,"555"
"3","7",X,-61.875086863560000,-33.629968308229103,104.065207999999998,BC,19/20,"557"
"4","9",X,-61.883377173332399,-33.618938588145106,105.166229000000001,BC,19/20,"559"
"5","11",M,-61.886063418957008,-33.614657442321800,106.015319999999988,BC,19/20,"561"
"6","12",S,-61.879903579852297,-33.611533228722102,106.015319999999988,BC,19/20,"562"
"7","14",M,-61.884905554463607,-33.605863070369303,107.200316999999998,BC,19/20,"564"
"8","16",S,-61.920104635061598,-33.560179627806697,104.765006999999997,BC,19/20,"566"
"9","18",S,-61.920243578800708,-33.555085043064999,107.890792999999988,BC,19/20,"568"
"10","21",M,-61.827869149521000,-33.652312659641900,107.508232000000007,BC,19/20,"571"
"11","22",X,-61.831759574218701,-33.654375219364098,107.508232000000007,BC,19/20,"572"
"12","23",X,-61.908711248446998,-33.584683467788103,104.848984000000002,BC,19/20,"573"
"13","24",S,-61.903246128038305,-33.582291273292000,104.848984000000002,BC,19/20,"574"
"14","26",S,-61.908757563026704,-33.573918070330699,112.416176000000007,BC,19/20,"576"
"15","27",X,-61.917186816538297,-33.572721832168696,109.747596999999999,BC,19/20,"577"
"16","28",M,-61.912138527347295,-33.570367895770900,109.747596999999999,BC,19/20,"578"
"17","29",M,-61.922142476569796,-33.567666578195698,105.819373999999996,BC,19/20,"579"
"18","30",S,-61.916399468682798,-33.564270516192401,105.819373999999996,BC,19/20,"580"
"19","35",N,-61.925755013789100,-33.679892895841697,102.982849000000002,BC,19/20,"585"
"20","36",N,-61.919687803843900,-33.685943560450099,102.982849000000002,BC,19/20,"586"
"21","37",N,-61.922235105729293,-33.678312715848897,103.160133000000002,BC,19/20,"587"
"22","38",S,-61.915195289609699,-33.682552157581895,103.160133000000002,BC,19/20,"588"
"23","41",M,-62.083772037692498,-33.692180152768195,111.902985000000015,BC,19/20,"591"
"24","42",M,-62.084605700127703,-33.694665631573699,111.902985000000015,BC,19/20,"592"
"25","43",M,-62.063694667377604,-33.696226244314296,111.865668999999997,BC,19/20,"593"
"26","44",M,-62.064505172522900,-33.697960225226801,111.865668999999997,BC,19/20,"594"
"27","45",M,-62.060082130158300,-33.696495976976799,112.593460000000007,BC,19/20,"595"
"28","46",s,-62.061425252970601,-33.698403348068105,112.593460000000007,BC,19/20,"596"
"29","47",M,-61.893566380873899,-33.662278027983696,104.373122999999993,BC,19/20,"597"
"30","48",S,-61.888842293741000,-33.667867381172002,104.373122999999993,BC,19/20,"598"
"31","49",S,-61.887869687566607,-33.657883384970496,104.102530999999999,BC,19/20,"599"
"32","50",S,-61.883701375390501,-33.663203187384397,104.102530999999999,BC,19/20,"600"
"33","51",M,-61.881061444345704,-33.655763082196302,104.046547000000004,BC,19/20,"601"
"34","52",s,-61.876198413473610,-33.661661249522901,104.046547000000004,BC,19/20,"602"
"35","53",S,-61.874392144863997,-33.652794570544401,106.211265999999995,BC,19/20,"603"
"36","54",S,-61.870177518108207,-33.657459328595202,106.211265999999995,BC,19/20,"604"
"37","55",M,-61.916723670740993,-33.674612668600503,104.923630000000003,BC,19/20,"605"
"38","57",M,-61.913944795956901,-33.673148022581600,105.110244999999992,BC,19/20,"607"
"39","58",S,-61.909961742099803,-33.678543963515502,105.110244999999992,BC,19/20,"608"
"40","59",M,-61.910424887897101,-33.671413541088000,103.663985999999994,BC,19/20,"609"
"41","60",S,-61.905515542445301,-33.675614780451099,103.663985999999994,BC,19/20,"610"
"42","61",m,-61.904450307111397,-33.669524843678602,102.805565000000001,BC,19/20,"611"
"43","62",S,-61.899818849138001,-33.673995978580301,102.805565000000001,BC,19/20,"612"
"44","70",N,-62.090455810480300,-33.772367978675298,100.678168999999997,BC,19/20,"620"
"45","71",S,-61.776761010784398,-33.719253125045398,94.585219999999993,BC,19/20,"621"
"46","72",S,-61.780605120902393,-33.720196932579398,94.585219999999993,BC,19/20,"622"
"47","74",S,-61.775672618160705,-33.725724739757297,94.594550999999996,BC,19/20,"624"
"48","79",P,-62.117908777617906,-33.786775061780403,101.424621999999999,BC,19/20,"629"
"49","80",S,-62.118939277016999,-33.785148732195999,101.424621999999999,BC,19/20,"630"
"50","81",M,-62.129996882928602,-33.791442167474202,102.283043000000006,BC,19/20,"631"
"51","83",P,-62.135768837427996,-33.793284882450997,102.758910999999998,BC,19/20,"633"
"52","86",M,-62.144261773486797,-33.793775624921196,103.113480000000010,BC,19/20,"636"
"53","87",P,-62.095700936635197,-33.777334220883397,100.388916000000009,BC,19/20,"637"
"54","88",P,-62.097414576085399,-33.775746209627897,100.388916000000009,BC,19/20,"638"
"55","90",P,-62.100633439376900,-33.777719188875700,100.594193000000004,BC,19/20,"640"
"56","92",P,-62.106781699836702,-33.781097208806202,100.062340000000006,BC,19/20,"642"
"57","94",S,-62.113416263383705,-33.783301030338002,100.986075999999997,BC,19/20,"644"
"58","95",S,-61.812816911107397,-33.671355724435699,102.926865000000006,BC,19/20,"645"
"59","96",S,-61.817378897211292,-33.673514186424896,102.926865000000006,BC,19/20,"646"
"60","97",S,-61.811056957077504,-33.673649088500497,102.562965000000005,BC,19/20,"647"
"61","98",S,-61.815688415051000,-33.675499152756601,102.562965000000005,BC,19/20,"648"
"62","99",P,-61.809158059308395,-33.676096560837699,102.292373999999995,BC,19/20,"649"
"63","100",P,-61.813164270455395,-33.678158550392297,102.292373999999995,BC,19/20,"650"
"64","101",P,-61.806911802191294,-33.679256973238999,101.741866999999999,BC,19/20,"651"
"65","103",S,-61.822265085373203,-33.658615841060197,106.892410000000012,BC,19/20,"653"
"66","104",M,-61.827128116245298,-33.660524052644000,106.892410000000012,BC,19/20,"654"
"67","105",S,-61.818745177313396,-33.663261009516603,104.774338000000000,BC,19/20,"655"
"68","110",S,-61.818420975255300,-33.671856800797201,103.393394000000001,BC,19/20,"660"
"69","111",M,-61.795124741648998,-33.693747132701397,101.816513000000000,BC,19/20,"661"
"70","112",M,-61.799709885042702,-33.696059166180895,101.816513000000000,BC,19/20,"662"
"71","113",S,-61.791929035647300,-33.698486734380701,101.172691000000000,BC,19/20,"663"
"72","115",X,-61.787529150572603,-33.703245339689801,99.455849000000001,BC,19/20,"665"
"73","116",S,-61.791512204429800,-33.705653440304395,99.455849000000001,BC,19/20,"666"
"74","118",S,-61.785120792426497,-33.714476144088103,95.555618000000010,BC,19/20,"668"
"75","119",S,-61.803739253479499,-33.681993334042801,102.432334999999995,BC,19/20,"669"
"76","120",M,-61.809227531177996,-33.684151529014301,102.432334999999995,BC,19/20,"670"
"77","121",S,-61.801122479724597,-33.686039905167902,101.256668000000005,BC,19/20,"671"
"78","122",M,-61.806726543872394,-33.688564098296602,101.256668000000005,BC,19/20,"672"
"79","124",P,-61.804225556566799,-33.690876271222898,102.264381000000000,BC,19/20,"674"
"80","125",M,-61.797046796708003,-33.690991878236296,101.947143999999994,BC,19/20,"675"
"81","126",X,-61.801863513000299,-33.693631529394395,101.947143999999994,BC,19/20,"676"
"82","127",P,-62.172698925443704,-33.868181933587998,104.783668999999989,BC,19/20,"677"
"83","128",s,-62.173277857690401,-33.870037415874599,104.783668999999989,BC,19/20,"678"
"84","129",P,-62.167395906064101,-33.868999119875696,102.255050999999995,BC,19/20,"679"
"85","130",s,-62.168125360694894,-33.871181449619606,102.255050999999995,BC,19/20,"680"
"86","131",P,-62.161421325278305,-33.870008574489603,101.835175000000007,BC,19/20,"681"
"87","132",S,-62.162069729394595,-33.872479284463800,101.835175000000007,BC,19/20,"682"
"88","133",P,-62.155863575710200,-33.871114153941399,101.956474000000000,BC,19/20,"683"
"89","135",S,-62.194640457592897,-33.863768992461502,104.988945000000001,BC,19/20,"685"
"90","138",M,-62.192984711367394,-33.866739821056299,104.195839000000007,BC,19/20,"688"
"91","139",M,-62.188677455452101,-33.864816966452999,102.460327000000007,BC,19/20,"689"
"92","141",S,-62.182170256999399,-33.866412938829100,103.458709999999996,BC,19/20,"691"
"93","143",N,-62.142750760322897,-33.880434100163001,98.923996000000002,BC,19/20,"693"
"94","144",A,-62.144765444541292,-33.881779856671599,98.923996000000002,BC,19/20,"694"
"95","146",S,-62.141465530735296,-33.883904186247200,99.166595000000001,BC,19/20,"696"
"96","148",S,-62.136116196776001,-33.886758971195398,98.998642000000004,BC,19/20,"698"
"97","150",P,-62.134240456296702,-33.888392980196301,98.606750000000005,BC,19/20,"700"
"98","151",M,-62.152343667650392,-33.871815949120105,102.077765999999997,BC,19/20,"701"
"99","153",M,-62.146311193640003,-33.872402376282395,101.685882999999990,BC,19/20,"703"
"100","156",s,-62.145801733262900,-33.874940309680497,100.510216000000000,BC,19/20,"706"
"101","157",N,-62.142096566884206,-33.875411357197102,100.631516000000005,BC,19/20,"707"
"102","158",s,-62.144956492182800,-33.875113347845897,100.631516000000005,BC,19/20,"708"
"103","161",P,-62.171587375530102,-33.815480947591801,101.359306000000004,BC,19/20,"711"
"104","162",P,-62.173092599371394,-33.812922007030394,101.359306000000004,BC,19/20,"712"
"105","163",S,-62.181475538303395,-33.820569740980204,100.463561999999996,BC,19/20,"713"
"106","167",S,-62.145234379661204,-33.800126156055995,101.919150999999999,BC,19/20,"717"
"107","168",S,-62.149958466794097,-33.798278777411802,101.919150999999999,BC,19/20,"718"
"108","170",S,-62.153594161303204,-33.801588635870196,101.947143999999994,BC,19/20,"720"
"109","171",M,-62.152968914476794,-33.806341522667999,102.077765999999997,BC,19/20,"721"
"110","173",S,-62.160101359755899,-33.809978168697000,100.911430000000010,BC,19/20,"723"
"222","358",X,-61.317528795430697,-33.709660370089800,105.548789999999997,BC,19/20,"908"
"223","359",s,-61.326976969696503,-33.710469438996199,105.940674000000001,BC,19/20,"909"
"224","361",S,-61.337768266774503,-33.702339876394802,103.132141000000004,BC,19/20,"911"
"225","365",N,-61.421690285252801,-33.812851358501895,88.949485999999993,BC,19/20,"915"
"226","366",X,-61.420069274962103,-33.818931127246699,88.949485999999993,BC,19/20,"916"
"227","369",S,-61.394364683209602,-33.807579310497601,92.457825000000000,BC,19/20,"919"
"228","370",X,-61.392697358339205,-33.811812367446102,92.457825000000000,BC,19/20,"920"
"229","371",B,-61.499915610423699,-33.828665553092399,100.762138000000007,BC,19/20,"921"
"230","372",P,-61.498850375089795,-33.833705472512200,100.762138000000007,BC,19/20,"922"
"231","373",S,-61.471200570988600,-33.821855419042393,96.675301000000005,BC,19/20,"923"
"232","374",X,-61.469672189857292,-33.827780651080701,96.675301000000005,BC,19/20,"924"
"233","379",S,-61.361620275337600,-33.779520395035298,94.725181999999990,BC,19/20,"929"
"234","382",S,-61.359767692148196,-33.773283831692098,94.585219999999993,BC,19/20,"932"
"235","383",s,-61.369262180993701,-33.770126879644899,90.918258999999992,BC,19/20,"933"
"236","385",S,-61.375607278417299,-33.761540921768102,89.546654000000004,BC,19/20,"935"
"237","386",s,-61.370697932965498,-33.758653074474395,89.546654000000004,BC,19/20,"936"
"238","387",S,-61.383990217349208,-33.806155416998401,90.255782999999994,BC,19/20,"937"
"239","388",M,-61.381674488362506,-33.809349523427599,90.255782999999994,BC,19/20,"938"
"240","393",s,-61.359536119249604,-33.782446033711899,96.693961999999999,BC,19/20,"943"
"241","394",S,-61.354348886319400,-33.779982344628102,96.693961999999999,BC,19/20,"944"
"242","395",P,-61.407842225912297,-33.643579966674999,84.480086999999997,BC,19/20,"945"
"243","397",P,-61.397236187153098,-33.638066154652101,88.370987000000000,BC,19/20,"947"
"244","398",P,-61.394318368629897,-33.641112290259002,88.370987000000000,BC,19/20,"948"
"245","399",S,-61.386861721292703,-33.632166370398501,85.469138999999998,BC,19/20,"949"
"246","400",P,-61.383527071551796,-33.636215285453702,85.469138999999998,BC,19/20,"950"
"247","401",S,-61.380562938448897,-33.630161122944500,84.955947999999992,BC,19/20,"951"
"248","402",S,-61.378571411520298,-33.634364376475602,84.955947999999992,BC,19/20,"952"
"249","403",P,-61.390659516830901,-33.665438948195600,85.329177999999999,BC,19/20,"953"
"250","405",P,-61.396958299674800,-33.661083015700100,86.458190999999999,BC,19/20,"955"
"251","406",P,-61.390196371033603,-33.656688311649802,86.458190999999999,BC,19/20,"956"
"252","410",P,-61.403812857475394,-33.648939207770702,82.697921999999991,BC,19/20,"960"
"253","411",S,-61.341195545674893,-33.616817326255500,91.272827000000007,BC,19/20,"961"
"254","413",M,-61.315583583081896,-33.607135995523898,89.070785999999998,BC,19/20,"963"
"255","414",S,-61.310303720992202,-33.611880369158605,89.070785999999998,BC,19/20,"964"
"256","416",M,-61.368289574819300,-33.630970940035802,84.965279000000010,BC,19/20,"966"
"257","417",M,-61.366390677050198,-33.625340625584194,87.895118999999994,BC,19/20,"967"
"258","419",M,-61.357174075683098,-33.621638300486900,89.677277000000004,BC,19/20,"969"
"259","420",S,-61.354812032116698,-33.625340625584194,89.677277000000004,BC,19/20,"970"
"260","421",S,-61.352774190608393,-33.620365589492501,88.417632999999995,BC,19/20,"971"
"261","422",S,-61.350273203302706,-33.623913706628102,88.417632999999995,BC,19/20,"972"
"262","423",S,-61.739964077185704,-33.836686964337304,100.967415000000003,BC,19/20,"973"
"263","426",M,-61.720882470335290,-33.843957521212303,107.246971000000002,BC,19/20,"976"
"264","427",M,-61.711943756446601,-33.841841814505301,109.738265999999996,BC,19/20,"977"
"265","430",M,-61.697586236729002,-33.847515637080896,108.105400000000003,BC,19/20,"980"
"266","431",S,-61.790863800313502,-33.826549467828606,102.133751000000004,BC,19/20,"981"
"267","2",s,-61.386120097764298,-33.486793753828600,92.169976500000004,BCR,19/20,"984"
"268","3",M,-61.383329919640104,-33.491026600097499,92.169976500000004,BCR,19/20,"985"
"269","5",S,-61.392515847728099,-33.490821932386197,90.729976499999907,BCR,19/20,"987"
"270","6",S,-61.392167278597000,-33.496522247403696,90.969976499999902,BCR,19/20,"988"
"271","8",S,-61.399806952828598,-33.494468816382700,90.489976499999898,BCR,19/20,"990"
"272","9",S,-61.402081285223105,-33.495696209312499,91.209976499999911,BCR,19/20,"991"
"273","10",S,-61.404058467224395,-33.496433732530697,91.449976499999906,BCR,19/20,"992"
"274","11",M,-61.403429606391200,-33.502758587139098,91.449976499999906,BCR,19/20,"993"
"275","13",M,-61.409829207252102,-33.506714822630897,90.729976499999907,BCR,19/20,"995"
"276","14",M,-61.419161424460107,-33.504829810347402,89.289976500000094,BCR,19/20,"996"
"277","16",N,-61.425146218423201,-33.508846974008605,87.119976500000007,BCR,19/20,"998"
"278","18",N,-61.445023598160496,-33.517540515182603,85.199976499999906,BCR,19/20,"1000"
"279","20",U,-61.465762676806001,-33.527420314295995,91.209976499999911,BCR,19/20,"1002"
"280","21",N,-61.469000999696291,-33.525879999562299,91.689976499999901,BCR,19/20,"1003"
"281","24",P,-61.483113449026391,-33.523163387780102,96.739976499999898,BCR,19/20,"1006"
"282","28",S,-61.484773951856397,-33.495303751466899,116.929976499999995,BCR,19/20,"1010"
"283","30",U,-61.490169211439898,-33.458218615096897,114.039976499999995,BCR,19/20,"1012"
"284","31",S,-61.509838930522200,-33.465293296548303,99.379976499999998,BCR,19/20,"1013"
"285","33",S,-61.520220681738998,-33.463420029410798,98.179976499999995,BCR,19/20,"1015"
"286","39",s,-61.536006543667000,-33.473066747632195,94.329976500000001,BCR,19/20,"1021"
"287","41",S,-61.541839137266294,-33.474609366429100,94.329976500000001,BCR,19/20,"1023"
"288","42",s,-61.540673384768894,-33.479868717767097,93.129976499999998,BCR,19/20,"1024"
"289","44",N,-61.552562121844396,-33.478924699415302,91.449976499999906,BCR,19/20,"1026"
"290","45",N,-61.558836000181209,-33.486429999644699,92.649976500000008,BCR,19/20,"1027"
"291","47",N,-61.582880008205798,-33.498654353815304,90.969976499999902,BCR,19/20,"1029"
"292","48",s,-61.602191833985898,-33.517795387547004,95.059976500000090,BCR,19/20,"1030"
"293","50",S,-61.611945748697302,-33.520473407621601,99.619976500000007,BCR,19/20,"1032"
"294","51",M,-61.616294379082298,-33.524057978492898,100.339976500000006,BCR,19/20,"1033"
"295","52",M,-61.619937387000796,-33.519707710442397,101.539976499999995,BCR,19/20,"1034"
"296","53",s,-61.621095194887296,-33.527539868370198,99.619976500000007,BCR,19/20,"1035"
"297","54",M,-61.625175119536102,-33.523521085929296,98.659976499999999,BCR,19/20,"1036"
"298","57",S,-61.641005925083292,-33.537854485196299,107.069976499999996,BCR,19/20,"1039"
"299","61",s,-61.651933498232296,-33.543993649587200,104.909976499999985,BCR,19/20,"1043"
"300","62",M,-61.670098879059999,-33.552095107702996,102.269976499999999,BCR,19/20,"1044"
"301","63",S,-61.675012084040397,-33.548980406520499,102.509976500000008,BCR,19/20,"1045"
"302","64",N,-61.681214399724801,-33.551233545491698,103.949976500000005,BCR,19/20,"1046"
"303","65",M,-61.681577050440502,-33.557528823196598,105.389976499999989,BCR,19/20,"1047"
"304","70",s,-61.697642485512198,-33.560620939704599,103.709976499999996,BCR,19/20,"1052"
"305","73",S,-61.707060854174998,-33.566762111382296,105.149976499999994,BCR,19/20,"1055"
"306","75",S,-61.714056265783995,-33.569847829213899,102.019976499999999,BCR,19/20,"1057"
"307","78",s,-61.733975460399201,-33.588206806199103,103.949976500000005,BCR,19/20,"1060"
"308","79",s,-61.742362122313999,-33.584808092819202,104.909976499999985,BCR,19/20,"1061"
"309","80",N,-61.741152681650895,-33.591190246832397,106.829976499999987,BCR,19/20,"1062"
"310","81",M,-61.749497070033705,-33.588355132283503,107.309976499999991,BCR,19/20,"1063"
"311","82",M,-61.752696101543798,-33.598486525732497,112.119976499999993,BCR,19/20,"1064"
"312","83",M,-61.758653288118708,-33.594329078624000,115.479976499999992,BCR,19/20,"1065"
"313","84",P,-61.761218809300502,-33.596196649455699,116.929976499999995,BCR,19/20,"1066"
"314","85",s,-61.764248685528401,-33.596917559497697,117.409976499999985,BCR,19/20,"1067"
"315","86",S,-61.761128601903401,-33.601709141063999,116.679976499999995,BCR,19/20,"1068"
"316","87",S,-61.767006096853798,-33.598697314229604,117.409976499999985,BCR,19/20,"1069"
"317","88",M,-61.771538222211106,-33.599926688365898,118.369976499999993,BCR,19/20,"1070"
"318","89",M,-61.769805841965997,-33.607811336124200,119.809976499999991,BCR,19/20,"1071"
"319","90",M,-61.775226897703106,-33.611997898783997,119.329976499999987,BCR,19/20,"1072"
"320","91",s,-61.783349950339897,-33.607192010802606,119.329976499999987,BCR,19/20,"1073"
"321","92",M,-61.780566673613102,-33.614819856251302,117.649976499999994,BCR,19/20,"1074"
"322","99",s,-61.798374822140296,-33.623251323289900,118.129976499999984,BCR,19/20,"1081"
"323","101",P,-61.815370524030399,-33.631290915243504,110.679976499999995,BCR,19/20,"1083"
"324","102",P,-61.818497947022600,-33.627898003390101,110.919976499999990,BCR,19/20,"1084"
"325","104",M,-61.818478383170799,-33.632731874676196,108.749976499999988,BCR,19/20,"1086"
"326","105",S,-61.825690561070502,-33.629935992152298,107.789976499999995,BCR,19/20,"1087"
"327","106",s,-61.822669620506495,-33.636171860642797,107.309976499999991,BCR,19/20,"1088"
"328","107",S,-61.826204586572402,-33.638246096580097,108.269976499999984,BCR,19/20,"1089"
"329","108",s,-61.835922941190795,-33.635118155578397,107.789976499999995,BCR,19/20,"1090"
"330","109",M,-61.844095906201105,-33.647732838000003,106.589976499999992,BCR,19/20,"1091"
"331","110",U,-61.855843190710601,-33.642540097647299,109.959976499999996,BCR,19/20,"1092"
"332","113",S,-61.863376004798695,-33.655031112495799,111.399976499999994,BCR,19/20,"1095"
